Ê±¼ä,9_1,7_1,7_2,7_3,7_4,7_5,9_10,9_9,7_6,7_7,7_8,7_9
2016-11-30 9:10:50, 15.14,    -1,     1,     0,     0,     0, 0.008, 0.000,     0,     0,     0,     0
2016-11-30 9:10:51, 15.09,    -2,     1,     0,     0,     0, 0.008, 0.000,     0,     0,     0,     0
2016-11-30 9:10:52, 15.11,    -1,     1,     0,     0,     0, 0.008, 0.000,     0,     0,     0,     0
2016-11-30 9:10:53, 15.12,     0,     1,     0,     0,     0, 0.008, 0.000,     0,     0,     0,     0
2016-11-30 9:10:54, 15.10,     2,     1,     0,     0,     0, 0.004, 0.000,     0,     0,     0,     0
2016-11-30 9:10:55, 15.11,     0,     2,     0,     0,     0, 0.004, 0.000,     0,     0,     0,     0
2016-11-30 9:10:56, 15.10,     2,     1,     0,     0,     0, 0.004, 0.000,     0,     0,     0,     0
2016-11-30 9:10:57, 15.13,     0,     0,     0,     0,     0, 0.004, 0.000,     0,     0,     0,     0
2016-11-30 9:10:58, 15.09,     0,     1,     0,     0,     0, 0.004, 0.000,     0,     0,     0,     0
2016-11-30 9:10:59, 15.15,     2,    -4,     0,     0,     0, 0.008, 0.000,     0,     0,     0,     0
2016-11-30 9:11:00, 18.52,    76,  -177,     0,     0,     0, 0.008, 0.000,     0,     0,     0,     0
2016-11-30 9:11:01, 18.44,    74,  -177,     0,     0,     0, 0.008, 0.000,     0,     0,     0,     0
2016-11-30 9:11:02, 18.32,    76,  -176,     0,     0,     0, 0.000, 0.000,     0,     0,     0,     0
2016-11-30 9:11:03, 18.33,    76,  -175,     0,     0,     0, 0.012, 0.000,     0,     0,     0,     0
2016-11-30 9:11:04, 18.34,    75,  -176,     0,     0,     0, 0.000, 0.000,     0,     0,     0,     0
2016-11-30 9:11:05, 18.30,    73,  -175,     0,     0,     0, 0.004, 0.000,     0,     0,     0,     0
2016-11-30 9:11:06, 18.27,    75,  -174,     0,     0,     0, 0.004, 0.000,     0,     0,     0,     0
2016-11-30 9:11:07, 18.31,    76,  -176,     0,     0,     0, 0.008, 0.000,     0,     0,     0,     0
2016-11-30 9:11:08, 18.31,    77,  -175,     0,     0,     0, 0.004, 0.000,     0,     0,     0,     0
2016-11-30 9:11:09, 18.29,    74,  -175,     0,     0,     0, 0.004, 0.000,     0,     0,     0,     0
2016-11-30 9:11:10, 18.31,     1,  -175,     0,     0,     0, 0.004, 0.000,     0,     0,     0,     0
2016-11-30 9:11:11, 18.33,    -2,  -174,     0,     0,     0, 0.000, 0.000,     0,     0,     0,     0
2016-11-30 9:11:12, 18.30,    -1,  -175,     0,     0,     0, 0.004, 0.000,     0,     0,     0,     0
2016-11-30 9:11:13, 18.31,     3,     3,     0,     0,     0, 0.004, 0.000,     0,     0,     0,     0
2016-11-30 9:11:14, 18.29,    -1,     5,     0,     0,     0, 0.004, 0.000,     0,     0,     0,     0
2016-11-30 9:11:15, 18.29,     0,     4,     0,     0,     0, 0.004, 0.000,     0,     0,     0,     0
2016-11-30 9:11:16, 18.33,    -2,     5,     0,     0,     0, 0.015, 0.000,     0,     0,     0,     0
2016-11-30 9:11:17, 18.32,    -1,     3,     0,     0,     0,-0.004, 0.000,     0,     0,     0,     0
2016-11-30 9:11:18, 18.29,     0,     5,     0,     0,     0, 0.004, 0.000,     0,     0,     0,     0
2016-11-30 9:11:19, 18.29,     0,     5,     0,     0,     0, 0.012, 0.000,     0,     0,     0,     0
2016-11-30 9:11:20, 18.27,     3,     5,     0,     0,     0, 0.004, 0.000,     0,     0,     0,     0
2016-11-30 9:11:21, 18.27,     2,     4,     0,     0,     0, 0.004, 0.000,     0,     0,     0,     0
2016-11-30 9:11:22, 18.31,     1,     5,     0,     0,     0, 0.004, 0.000,     0,     0,     0,     0
2016-11-30 9:11:23, 18.31,     0,     5,     0,     0,     0, 0.000, 0.000,     0,     0,     0,     0
2016-11-30 9:11:24, 18.33,     0,     5,     0,     0,     0, 0.008, 0.000,     0,     0,     0,     0
2016-11-30 9:11:25, 18.31,    -2,     4,     0,     0,     0, 0.012, 0.000,     0,     0,     0,     0
2016-11-30 9:11:26, 18.31,    -1,     5,     0,     0,     0, 0.004, 0.000,     0,     0,     0,     0
2016-11-30 9:11:27, 18.35,    -3,     5,     0,     0,     0, 0.004, 0.000,     0,     0,     0,     0
2016-11-30 9:11:28, 18.36,    -3,     4,     0,     0,     0, 0.004, 0.000,     0,     0,     0,     0
2016-11-30 9:11:29, 16.86,    18,    31,     0,     0,     0, 0.008, 0.000,     0,     0,     0,     0
2016-11-30 9:11:30, 14.68,    48,    58,     0,     0,     0, 0.004, 0.000,     0,     0,     0,     0
2016-11-30 9:11:31, 14.04,    59,    77,     0,     0,     0, 0.008, 0.000,     0,     0,     0,     0
2016-11-30 9:11:32, 13.02,    74,    90,     0,     0,     0, 0.004, 0.000,     0,     0,     0,     0
2016-11-30 9:11:33, 12.82,    91,   107,     0,     0,     0, 0.008, 0.000,     0,     0,     0,     0
2016-11-30 9:11:34, 11.68,   101,   112,     0,     0,     0, 0.000, 0.000,     0,     0,     0,     0
2016-11-30 9:11:35, 11.02,   112,   125,     0,     0,     0, 0.008, 0.000,     0,     0,     0,     0
2016-11-30 9:11:36, 10.43,   125,   131,     0,     0,     0, 0.004, 0.000,     0,     0,     0,     0
2016-11-30 9:11:37,  9.94,   132,   138,     0,     0,     0, 0.004, 0.000,     0,     0,     0,     0
2016-11-30 9:11:38,  9.42,   141,   147,     0,     0,     0, 0.012, 0.000,     0,     0,     0,     0
2016-11-30 9:11:39,  8.31,   158,   161,     0,     0,     0, 0.004, 0.000,     0,     0,     0,     0
2016-11-30 9:11:40,  7.92,   175,   173,     0,     0,     0, 0.004, 0.000,     0,     0,     0,     0
2016-11-30 9:11:41,  6.76,   180,   185,     0,     0,     0, 0.008, 0.000,     0,     0,     0,     0
2016-11-30 9:11:42,  5.70,   202,   203,     0,     0,     0,-0.004, 0.000,     0,     0,     0,     0
2016-11-30 9:11:43,  4.97,   214,   210,     0,     0,     0, 0.000, 0.000,     0,     0,     0,     0
2016-11-30 9:11:44,  4.03,   225,   223,     0,     0,     0, 0.000, 0.000,     0,     0,     0,     0
2016-11-30 9:11:45,  2.76,   247,   246,     0,     0,     0, 0.004, 0.000,     0,     0,     0,     0
2016-11-30 9:11:46,  2.04,   256,   253,     0,     0,     0,-0.004, 0.000,     0,     0,     0,     0
2016-11-30 9:11:47,  1.13,   269,   270,     0,     0,     0, 0.000, 0.000,     0,     0,     0,     0
2016-11-30 9:11:48,  0.15,   286,   285,     0,     0,     0,-0.008, 0.000,     0,     0,     0,     0
2016-11-30 9:11:49, -0.65,   296,   289,     0,     0,     0,-0.004, 0.000,     0,     0,     0,     0
2016-11-30 9:11:50, -0.92,   309,   306,     0,     0,     0,-0.008, 0.000,     0,     0,     0,     0
2016-11-30 9:11:51, -1.65,   319,   307,     0,     0,     0,-0.008, 0.000,     0,     0,     0,     0
2016-11-30 9:11:52, -1.93,   327,   306,     0,     0,     0,-0.012, 0.000,     0,     0,     0,     0
2016-11-30 9:11:53, -2.02,   336,   309,     0,     0,     0,-0.008, 0.000,     0,     0,     0,     0
2016-11-30 9:11:54, -2.31,   341,   310,     0,     0,     0,-0.008, 0.000,     0,     0,     0,     0
2016-11-30 9:11:55, -2.51,   345,   314,     0,     0,     0,-0.012, 0.000,     0,     0,     0,     0
2016-11-30 9:11:56, -2.90,   351,   314,     0,     0,     0,-0.015, 0.000,     0,     0,     0,     0
2016-11-30 9:11:57, -2.88,   354,   313,     0,     0,     0,-0.008, 0.000,     0,     0,     0,     0
2016-11-30 9:11:58, -2.90,   354,   313,     0,     0,     0,-0.012, 0.000,     0,     0,     0,     0
2016-11-30 9:11:59, -2.86,   351,   313,     0,     0,     0,-0.012, 0.000,     0,     0,     0,     0
2016-11-30 9:12:00, -2.87,   352,   312,     0,     0,     0,-0.008, 0.000,     0,     0,     0,     0
2016-11-30 9:12:01, -2.89,   351,   314,     0,     0,     0,-0.008, 0.000,     0,     0,     0,     0
2016-11-30 9:12:02, -2.88,   352,   312,     0,     0,     0,-0.004, 0.000,     0,     0,     0,     0
2016-11-30 9:12:03, -2.91,   354,   313,     0,     0,     0,-0.008, 0.000,     0,     0,     0,     0
2016-11-30 9:12:04, -2.88,   352,   313,     0,     0,     0,-0.012, 0.000,     0,     0,     0,     0
2016-11-30 9:12:05, -2.99,   354,   314,     0,     0,     0,-0.008, 0.000,     0,     0,     0,     0
2016-11-30 9:12:06, -3.34,   356,   320,     0,     0,     0,-0.008, 0.000,     0,     0,     0,     0
2016-11-30 9:12:07, -3.77,   364,   331,     0,     0,     0,-0.012, 0.000,     0,     0,     0,     0
2016-11-30 9:12:08, -3.92,   363,   336,     0,     0,     0,-0.004, 0.000,     0,     0,     0,     0
2016-11-30 9:12:09, -4.17,   365,   344,     0,     0,     0,-0.008, 0.000,     0,     0,     0,     0
2016-11-30 9:12:10, -4.49,   363,   356,     0,     0,     0,-0.008, 0.000,     0,     0,     0,     0
2016-11-30 9:12:11, -4.85,   366,   364,     0,     0,     0,-0.015, 0.000,     0,     0,     0,     0
2016-11-30 9:12:12, -5.78,   385,   380,     0,     0,     0,-0.012, 0.000,     0,     0,     0,     0
2016-11-30 9:12:13, -7.07,   405,   404,     0,     0,     0,-0.008, 0.000,     0,     0,     0,     0
2016-11-30 9:12:14, -8.07,   405,   412,     0,     0,     0,-0.015, 0.000,     0,     0,     0,     0
2016-11-30 9:12:15, -8.84,   432,   424,     0,     0,     0,-0.008, 0.000,     0,     0,     0,     0
2016-11-30 9:12:16,-10.51,   461,   454,     0,     0,     0,-0.008, 0.000,     0,     0,     0,     0
2016-11-30 9:12:17,-11.81,   475,   475,     0,     0,     0,-0.012, 0.000,     0,     0,     0,     0
2016-11-30 9:12:18,-13.26,   500,   500,     0,     0,     0,-0.019, 0.000,     0,     0,     0,     0
2016-11-30 9:12:19,-14.41,   509,   516,     0,     0,     0,-0.015, 0.000,     0,     0,     0,     0
2016-11-30 9:12:20,-14.98,   537,   546,     0,     0,     0,-0.019, 0.000,     0,     0,     0,     0
2016-11-30 9:12:21,-15.42,   549,   549,     0,     0,     0,-0.031, 0.000,     0,     0,     0,     0
2016-11-30 9:12:22,-17.97,   571,   572,     0,     0,     0,-0.035, 0.000,     0,     0,     0,     0
2016-11-30 9:12:23,-19.40,   595,   592,     0,     0,     0,-0.031, 0.000,     0,     0,     0,     0
2016-11-30 9:12:24,-19.93,   614,   624,     0,     0,     0,-0.031, 0.000,     0,     0,     0,     0
2016-11-30 9:12:25,-22.01,   639,   643,     0,     0,     0,-0.042, 0.000,     0,     0,     0,     0
2016-11-30 9:12:26,-23.44,   661,   673,     0,     0,     0,-0.046, 0.000,     0,     0,     0,     0
2016-11-30 9:12:27,-24.61,   676,   694,     0,     0,     0,-0.050, 0.000,     0,     0,     0,     0
2016-11-30 9:12:28,-26.43,   699,   704,     0,     0,     0,-0.062, 0.000,     0,     0,     0,     0
2016-11-30 9:12:29,-27.99,   736,   743,     0,     0,     0,-0.058, 0.000,     0,     0,     0,     0
2016-11-30 9:12:30,-29.52,   745,   761,     0,     0,     0,-0.069, 0.000,     0,     0,     0,     0
2016-11-30 9:12:31,-30.59,   773,   797,     0,     0,     0,-0.077, 0.000,     0,     0,     0,     0
2016-11-30 9:12:32,-31.74,   788,   801,     0,     0,     0,-0.081, 0.000,     0,     0,     0,     0
2016-11-30 9:12:33,-34.62,   827,   839,     0,     0,     0,-0.081, 0.000,     0,     0,     0,     0
2016-11-30 9:12:34,-35.80,   855,   867,     0,     0,     0,-0.085, 0.000,     0,     0,     0,     0
2016-11-30 9:12:35,-35.61,   868,   860,     0,     0,     0,-0.077, 0.000,     0,     0,     0,     0
2016-11-30 9:12:36,-37.89,   896,   906,     0,     0,     0,-0.089, 0.000,     0,     0,     0,     0
2016-11-30 9:12:37,-38.84,   923,   934,     0,     0,     0,-0.081, 0.000,     0,     0,     0,     0
2016-11-30 9:12:38,-41.26,   936,   921,     0,     0,     0,-0.081, 0.000,     0,     0,     0,     0
2016-11-30 9:12:39,-43.26,   970,   985,     0,     0,     0,-0.085, 0.000,     0,     0,     0,     0
2016-11-30 9:12:40,-44.75,   997,  1020,     0,     0,     0,-0.089, 0.000,     0,     0,     0,     0
2016-11-30 9:12:41,-46.68,  1004,  1041,     0,     0,     0,-0.089, 0.000,     0,     0,     0,     0
2016-11-30 9:12:42,-48.88,  1059,  1087,     0,     0,     0,-0.085, 0.000,     0,     0,     0,     0
2016-11-30 9:12:43,-49.75,  1079,  1116,     0,     0,     0,-0.089, 0.000,     0,     0,     0,     0
2016-11-30 9:12:44,-52.81,  1112,  1142,     0,     0,     0,-0.089, 0.000,     0,     0,     0,     0
2016-11-30 9:12:45,-53.86,  1151,  1172,     0,     0,     0,-0.104, 0.000,     0,     0,     0,     0
2016-11-30 9:12:46,-56.65,  1181,  1203,     0,     0,     0,-0.104, 0.000,     0,     0,     0,     0
2016-11-30 9:12:47,-57.98,  1187,  1223,     0,     0,     0,-0.104, 0.000,     0,     0,     0,     0
2016-11-30 9:12:48,-59.40,  1226,  1271,     0,     0,     0,-0.135, 0.000,     0,     0,     0,     0
2016-11-30 9:12:49,-63.29,  1272,  1308,     0,     0,     0,-0.131, 0.000,     0,     0,     0,     0
2016-11-30 9:12:50,-63.68,  1268,  1288,     0,     0,     0,-0.151, 0.000,     0,     0,     0,     0
2016-11-30 9:12:51,-67.47,  1351,  1375,     0,     0,     0,-0.151, 0.000,     0,     0,     0,     0
2016-11-30 9:12:52,-68.67,  1352,  1391,     0,     0,     0,-0.158, 0.000,     0,     0,     0,     0
2016-11-30 9:12:53,-71.25,  1408,  1445,     0,     0,     0,-0.154, 0.000,     0,     0,     0,     0
2016-11-30 9:12:54,-73.08,  1422,  1471,     0,     0,     0,-0.154, 0.000,     0,     0,     0,     0
2016-11-30 9:12:55,-75.30,  1477,  1515,     0,     0,     0,-0.158, 0.000,     0,     0,     0,     0
2016-11-30 9:12:56,-77.37,  1500,  1525,     0,     0,     0,-0.162, 0.000,     0,     0,     0,     0
2016-11-30 9:12:57,-79.39,  1552,  1580,     0,     0,     0,-0.166, 0.000,     0,     0,     0,     0
2016-11-30 9:12:58,-81.72,  1585,  1628,     0,     0,     0,-0.166, 0.000,     0,     0,     0,     0
2016-11-30 9:12:59,-84.22,  1627,  1664,     0,     0,     0,-0.166, 0.000,     0,     0,     0,     0
2016-11-30 9:13:00,-86.32,  1659,  1697,     0,     0,     0,-0.162, 0.000,     0,     0,     0,     0
2016-11-30 9:13:01,-88.57,  1712,  1757,     0,     0,     0,-0.166, 0.000,     0,     0,     0,     0
2016-11-30 9:13:02,-91.71,  1746,  1788,     0,     0,     0,-0.174, 0.000,     0,     0,     0,     0
2016-11-30 9:13:03,-90.34,  1736,  1754,     0,     0,     0,-0.212, 0.000,     0,     0,     0,     0
2016-11-30 9:13:04,-94.36,  1805,  1830,     0,     0,     0,-0.212, 0.000,     0,     0,     0,     0
2016-11-30 9:13:05,-97.86,  1857,  1887,     0,     0,     0,-0.212, 0.000,     0,     0,     0,     0
2016-11-30 9:13:06,-101.06,  1890,  1938,     0,     0,     0,-0.220, 0.000,     0,     0,     0,     0
2016-11-30 9:13:07,-104.39,  1964,  2003,     0,     0,     0,-0.220, 0.000,     0,     0,     0,     0
2016-11-30 9:13:08,-106.85,  1996,  2035,     0,     0,     0,-0.220, 0.000,     0,     0,     0,     0
2016-11-30 9:13:09,-107.68,  1990,  2047,     0,     0,     0,-0.220, 0.000,     0,     0,     0,     0
2016-11-30 9:13:10,-110.50,  2060,  2111,     0,     0,     0,-0.228, 0.000,     0,     0,     0,     0
2016-11-30 9:13:11,-109.45,  2053,  2069,     0,     0,     0,-0.251, 0.000,     0,     0,     0,     0
2016-11-30 9:13:12,-116.66,  2181,  2217,     0,     0,     0,-0.243, 0.000,     0,     0,     0,     0
2016-11-30 9:13:13,-120.06,  2227,  2265,     0,     0,     0,-0.259, 0.000,     0,     0,     0,     0
2016-11-30 9:13:14,-122.02,  2238,  2293,     0,     0,     0,-0.266, 0.000,     0,     0,     0,     0
2016-11-30 9:13:15,-123.98,  2328,  2384,     0,     0,     0,-0.274, 0.000,     0,     0,     0,     0
2016-11-30 9:13:16,-127.19,  2370,  2427,     0,     0,     0,-0.282, 0.000,     0,     0,     0,     0
2016-11-30 9:13:17,-129.88,  2368,  2397,     0,     0,     0,-0.286, 0.000,     0,     0,     0,     0
2016-11-30 9:13:18,-129.07,  2436,  2471,     0,     0,     0,-0.351, 0.000,     0,     0,     0,     0
2016-11-30 9:13:19,-133.00,  2486,  2526,     0,     0,     0,-0.343, 0.000,     0,     0,     0,     0
2016-11-30 9:13:20,-135.91,  2558,  2604,     0,     0,     0,-0.351, 0.000,     0,     0,     0,     0
2016-11-30 9:13:21,-135.17,  2537,  2612,     0,     0,     0,-0.351, 0.000,     0,     0,     0,     0
2016-11-30 9:13:22,-139.61,  2628,  2703,     0,     0,     0,-0.340, 0.000,     0,     0,     0,     0
2016-11-30 9:13:23,-143.33,  2690,  2766,     0,     0,     0,-0.351, 0.000,     0,     0,     0,     0
2016-11-30 9:13:24,-146.92,  2750,  2827,     0,     0,     0,-0.355, 0.000,     0,     0,     0,     0
2016-11-30 9:13:25,-149.21,  2752,  2838,     0,     0,     0,-0.347, 0.000,     0,     0,     0,     0
2016-11-30 9:13:26,-150.38,  2849,  2935,     0,     0,     0,-0.343, 0.000,     0,     0,     0,     0
2016-11-30 9:13:27,-154.17,  2911,  2998,     0,     0,     0,-0.351, 0.000,     0,     0,     0,     0
2016-11-30 9:13:28,-157.27,  2995,  3085,     0,     0,     0,-0.343, 0.000,     0,     0,     0,     0
2016-11-30 9:13:29,-159.86,  3048,  3137,     0,     0,     0,-0.347, 0.000,     0,     0,     0,     0
2016-11-30 9:13:30,-162.43,  3126,  3220,     0,     0,     0,-0.355, 0.000,     0,     0,     0,     0
2016-11-30 9:13:31,-164.76,  3179,  3277,     0,     0,     0,-0.370, 0.000,     0,     0,     0,     0
2016-11-30 9:13:32,-162.47,  3146,  3248,     0,     0,     0,-0.421, 0.000,     0,     0,     0,     0
2016-11-30 9:13:33,-167.87,  3291,  3403,     0,     0,     0,-0.428, 0.000,     0,     0,     0,     0
2016-11-30 9:13:34,-170.88,  3405,  3525,     0,     0,     0,-0.444, 0.000,     0,     0,     0,     0
2016-11-30 9:13:35,-172.08,  3540,  3664,     0,     0,     0,-0.452, 0.000,     0,     0,     0,     0
2016-11-30 9:13:36,-173.46,  3749,  3885,     0,     0,     0,-0.467, 0.000,     0,     0,     0,     0
2016-11-30 9:13:37,-175.13,  3948,  4093,     0,     0,     0,-0.490, 0.000,     0,     0,     0,     0
2016-11-30 9:13:38,-176.62,  4256,  4417,     0,     0,     0,-0.517, 0.000,     0,     0,     0,     0
2016-11-30 9:13:39,-177.42,  4419,  4589,     0,     0,     0,-0.536, 0.000,     0,     0,     0,     0
2016-11-30 9:13:40,-178.14,  4576,  4759,     0,     0,     0,-0.540, 0.000,     0,     0,     0,     0
2016-11-30 9:13:41,-179.49,  4914,  5148,     0,     0,     0,-3.091, 0.000,     0,     0,     0,     0
2016-11-30 9:13:42,-180.07,  5165,  5410,     0,     0,     0,-0.617, 0.000,     0,     0,     0,     0
2016-11-30 9:13:43,-180.40,  5460,  5744,     0,     0,     0,-0.644, 0.000,     0,     0,     0,     0
2016-11-30 9:13:44,-181.33,  5708,  6019,     0,     0,     0,-0.672, 0.000,     0,     0,     0,     0
2016-11-30 9:13:45,-181.37,  6013,  6369,     0,     0,     0,-0.702, 0.000,     0,     0,     0,     0
2016-11-30 9:13:46,-182.20,  6280,  6665,     0,     0,     0,-0.737, 0.000,     0,     0,     0,     0
2016-11-30 9:13:47,-182.15,  6481,  6888,     0,     0,     0,-0.760, 0.000,     0,     0,     0,     0
2016-11-30 9:13:48,-182.81,  6871,  7332,     0,     0,     0,-0.783, 0.000,     0,     0,     0,     0
2016-11-30 9:13:49,-182.49,  7082,  7568,     0,     0,     0,-1.185, 0.000,     0,     0,     0,     0
2016-11-30 9:13:50,-183.05,  7371,  7895,     0,     0,     0,-1.331, 0.000,     0,     0,     0,     0
2016-11-30 9:13:51,-182.87,  7725,  8291,     0,     0,     0,-1.374, 0.000,     0,     0,     0,     0
2016-11-30 9:13:52,-183.39,  8022,  8617,     0,     0,     0,-1.451, 0.000,     0,     0,     0,     0
2016-11-30 9:13:53,-183.35,  8256,  8885,     0,     0,     0,-0.475, 0.000,     0,     0,     0,     0
2016-11-30 9:13:54,-183.92,  8683,  9357,     0,     0,     0,-2.134, 0.000,     0,     0,     0,     0
2016-11-30 9:13:55,-182.85,  8900,  9604,     0,     0,     0,-1.602, 0.000,     0,     0,     0,     0
2016-11-30 9:13:56,-183.90,  9205,  9942,     0,     0,     0,-1.428, 0.000,     0,     0,     0,     0
2016-11-30 9:13:57,-183.77,  9561, 10334,     0,     0,     0,-1.385, 0.000,     0,     0,     0,     0
2016-11-30 9:13:58,-185.48,  9861, 10663,     0,     0,     0,-1.111, 0.000,     0,     0,     0,     0
2016-11-30 9:13:59,-183.92, 10090, 10921,     0,     0,     0,-1.721, 0.000,     0,     0,     0,     0
2016-11-30 9:14:00,-184.58, 10546, 11414,     0,     0,     0,-1.196, 0.000,     0,     0,     0,     0
2016-11-30 9:14:01,-184.62, 10919, 11813,     0,     0,     0,-1.212, 0.000,     0,     0,     0,     0
2016-11-30 9:14:02,-184.79, 11190, 12112,     0,     0,     0,-1.235, 0.000,     0,     0,     0,     0
2016-11-30 9:14:03,-184.81, 11425, 12369,     0,     0,     0,-1.247, 0.000,     0,     0,     0,     0
2016-11-30 9:14:04,-185.58, 11731, 12699,     0,     0,     0,-1.304, 0.000,     0,     0,     0,     0
2016-11-30 9:14:05,-185.00, 12095, 13088,     0,     0,     0,-1.343, 0.000,     0,     0,     0,     0
2016-11-30 9:14:06,-185.64, 12400, 13409,     0,     0,     0,-1.382, 0.000,     0,     0,     0,     0
2016-11-30 9:14:07,-185.38, 12626, 13645,     0,     0,     0,-1.401, 0.000,     0,     0,     0,     0
2016-11-30 9:14:08,-185.83, 13050, 14091,     0,     0,     0,-1.467, 0.000,     0,     0,     0,     0
2016-11-30 9:14:09,-177.88, 13026, 14039,     0,     0,     0,-1.478, 0.000,     0,     0,     0,     0
2016-11-30 9:14:10,-182.89, 13105, 14108,     0,     0,     0,-1.486, 0.000,     0,     0,     0,     0
2016-11-30 9:14:11,-185.23, 13388, 14409,     0,     0,     0,-1.497, 0.000,     0,     0,     0,     0
2016-11-30 9:14:12,-186.40, 13725, 14765,     0,     0,     0,-1.536, 0.000,     0,     0,     0,     0
2016-11-30 9:14:13,-186.38, 14093, 15157,     0,     0,     0,-2.034, 0.000,     0,     0,     0,     0
2016-11-30 9:14:14,-186.28, 14371, 15433,     0,     0,     0,-1.621, 0.000,     0,     0,     0,     0
2016-11-30 9:14:15,-186.82, 14800, 15871,     0,     0,     0,-2.343, 0.000,     0,     0,     0,     0
2016-11-30 9:14:16,-186.26, 15041, 16106,     0,     0,     0,-1.895, 0.000,     0,     0,     0,     0
2016-11-30 9:14:17,-186.91, 15328, 16420,     0,     0,     0,-1.721, 0.000,     0,     0,     0,     0
2016-11-30 9:14:18,-186.88, 15693, 16766,     0,     0,     0,-1.737, 0.000,     0,     0,     0,     0
2016-11-30 9:14:19,-187.44, 15993, 17072,     0,     0,     0,-1.775, 0.000,     0,     0,     0,     0
2016-11-30 9:14:20,-187.11, 16331, 17402,     0,     0,     0,-1.810, 0.000,     0,     0,     0,     0
2016-11-30 9:14:21,-187.82, 16650, 17722,     0,     0,     0,-1.845, 0.000,     0,     0,     0,     0
2016-11-30 9:14:22,-187.49, 16876, 17935,     0,     0,     0,-1.876, 0.000,     0,     0,     0,     0
2016-11-30 9:14:23,-188.09, 17308, 18378,     0,     0,     0,-1.910, 0.000,     0,     0,     0,     0
2016-11-30 9:14:24,-188.32, 17611, 18675,     0,     0,     0,-1.949, 0.000,     0,     0,     0,     0
2016-11-30 9:14:25,-188.18, 17824, 18875,     0,     0,     0,-1.980, 0.000,     0,     0,     0,     0
2016-11-30 9:14:26,-188.65, 18235, 19284,     0,     0,     0,-2.022, 0.000,     0,     0,     0,     0
2016-11-30 9:14:27,-188.46, 18456, 19497,     0,     0,     0,-2.038, 0.000,     0,     0,     0,     0
2016-11-30 9:14:28,-189.03, 18745, 19791,     0,     0,     0,-2.084, 0.000,     0,     0,     0,     0
2016-11-30 9:14:29,-188.78, 19106, 20129,     0,     0,     0,-2.111, 0.000,     0,     0,     0,     0
2016-11-30 9:14:30,-189.20, 19393, 20414,     0,     0,     0,-2.130, 0.000,     0,     0,     0,     0
2016-11-30 9:14:31,-189.12, 19736, 20739,     0,     0,     0,-2.161, 0.000,     0,     0,     0,     0
2016-11-30 9:14:32,-189.64, 20031, 21033,     0,     0,     0,-2.188, 0.000,     0,     0,     0,     0
2016-11-30 9:14:33,-189.46, 20246, 21235,     0,     0,     0,-2.219, 0.000,     0,     0,     0,     0
2016-11-30 9:14:34,-190.04, 20646, 21629,     0,     0,     0,-2.254, 0.000,     0,     0,     0,     0
2016-11-30 9:14:35,-189.85, 20859, 21827,     0,     0,     0,-2.281, 0.000,     0,     0,     0,     0
2016-11-30 9:14:36,-190.39, 21164, 22158,     0,     0,     0,-2.312, 0.000,     0,     0,     0,     0
2016-11-30 9:14:37,-190.59, 21481, 22459,     0,     0,     0,-2.346, 0.000,     0,     0,     0,     0
2016-11-30 9:14:38,-190.36, 21829, 22789,     0,     0,     0,-2.373, 0.000,     0,     0,     0,     0
2016-11-30 9:14:39,-191.00, 22098, 23067,     0,     0,     0,-3.304, 0.000,     0,     0,     0,     0
2016-11-30 9:14:40,-190.64, 22355, 23307,     0,     0,     0,-2.416, 0.000,     0,     0,     0,     0
2016-11-30 9:14:41,-191.20, 22764, 23718,     0,     0,     0,-2.454, 0.000,     0,     0,     0,     0
2016-11-30 9:14:42,-190.99, 22992, 23930,     0,     0,     0,-2.485, 0.000,     0,     0,     0,     0
2016-11-30 9:14:43,-191.64, 23251, 24197,     0,     0,     0,-2.524, 0.000,     0,     0,     0,     0
2016-11-30 9:14:44,-191.93, 23719, 24662,     0,     0,     0,-2.566, 0.000,     0,     0,     0,     0
2016-11-30 9:14:45,-191.69, 23944, 24875,     0,     0,     0,-2.590, 0.000,     0,     0,     0,     0
2016-11-30 9:14:46,-192.23, 24358, 25362,     0,     0,     0,-2.636, 0.000,     0,     0,     0,     0
2016-11-30 9:14:47,-191.92, 24586, 25633,     0,     0,     0,-3.412, 0.000,     0,     0,     0,     0
2016-11-30 9:14:48,-192.46, 24891, 26094,     0,     0,     0,-2.674, 0.000,     0,     0,     0,     0
2016-11-30 9:14:49,-192.25, 25244, 27091,     0,     0,     0,-2.705, 0.000,     0,     0,     0,     0
2016-11-30 9:14:50,-192.98, 25532, 27497,     0,     0,     0,-2.740, 0.000,     0,     0,     0,     0
2016-11-30 9:14:51,-192.66, 25777, 28346,     0,     0,     0,-2.771, 0.000,     0,     0,     0,     0
2016-11-30 9:14:52,-192.77, 26039,     0,     0,     0,     0,-2.783, 0.000,     0,     0,     0,     0
2016-11-30 9:14:53,-192.79, 26458,     0,     0,     0,     0,-0.737, 0.000,     0,     0,     0,     0
2016-11-30 9:14:54,-193.41, 26755,     0,     0,     0,     0,-2.860, 0.000,     0,     0,     0,     0
2016-11-30 9:14:55,-193.37, 27007,     0,     0,     0,     0,-3.574, 0.000,     0,     0,     0,     0
2016-11-30 9:14:56,-193.77, 27412,     0,     0,     0,     0,-2.918, 0.000,     0,     0,     0,     0
2016-11-30 9:14:57,-194.16, 27746,     0,     0,     0,     0,-2.972, 0.000,     0,     0,     0,     0
2016-11-30 9:14:58,-193.80, 27993,     0,     0,     0,     0,-2.999, 0.000,     0,     0,     0,     0
2016-11-30 9:14:59,-193.87, 28353,     0,     0,     0,     0,-3.022, 0.000,     0,     0,     0,     0
2016-11-30 9:15:00,-194.60, 28658,     0,     0,     0,     0,-3.053, 0.000,     0,     0,     0,     0
2016-11-30 9:15:01,-194.74, 29003,     0,     0,     0,     0,-3.084, 0.000,     0,     0,     0,     0
2016-11-30 9:15:02,-194.46, 29429,     0,     0,     0,     0,-3.107, 0.000,     0,     0,     0,     0
2016-11-30 9:15:03,-194.95, 29757,     0,     0,     0,     0,-3.145, 0.000,     0,     0,     0,     0
2016-11-30 9:15:04,-194.73, 30079,     0,     0,     0,     0,-3.168, 0.000,     0,     0,     0,     0
2016-11-30 9:15:05,-194.85, 30585,     0,     0,     0,     0,-3.192, 0.000,     0,     0,     0,     0
2016-11-30 9:15:06,-195.28, 31047,     0,     0,     0,     0,-3.219, 0.000,     0,     0,     0,     0
2016-11-30 9:15:07,-195.61, 31518,     0,     0,     0,     0,-3.238, 0.000,     0,     0,     0,     0
2016-11-30 9:15:08,-195.31, 32308,     0,     0,     0,     0,-3.134, 0.000,     0,     0,     0,     0
2016-11-30 9:15:09,-195.89, 33227,     0,     0,     0,     0,-3.342, 0.000,     0,     0,     0,     0
2016-11-30 9:15:10,-196.12, 42524,     0,     0,     0,     0,-3.361, 0.000,     0,     0,     0,     0
2016-11-30 9:15:11,-195.82, 97205,     0,     0,     0,     0,-3.392, 0.000,     0,     0,     0,     0
2016-11-30 9:15:12,-195.85,     0,     0,     0,     0,     0,-3.419, 0.000,     0,     0,     0,     0
2016-11-30 9:15:13,-196.40,     0,     0,     0,     0,     0,-3.442, 0.000,     0,     0,     0,     0
2016-11-30 9:15:14,-196.63,     0,     0,     0,     0,     0,-3.493, 0.000,     0,     0,     0,     0
2016-11-30 9:15:15,-196.29,     0,     0,     0,     0,     0,-3.500, 0.000,     0,     0,     0,     0
2016-11-30 9:15:16,-197.01,     0,     0,     0,     0,     0,-3.550, 0.000,     0,     0,     0,     0
2016-11-30 9:15:17,-196.76,     0,     0,     0,     0,     0,-4.758, 0.000,     0,     0,     0,     0
2016-11-30 9:15:18,-196.85,     0,     0,     0,     0,     0,-4.095, 0.000,     0,     0,     0,     0
2016-11-30 9:15:19,-196.65,     0,     0,     0,     0,     0,-3.948, 0.000,     0,     0,     0,     0
2016-11-30 9:15:20,-197.25,     0,     0,     0,     0,     0,-3.647, 0.000,     0,     0,     0,     0
2016-11-30 9:15:21,-197.60,     0,     0,     0,     0,     0,-3.701, 0.000,     0,     0,     0,     0
2016-11-30 9:15:22,-197.39,     0,     0,     0,     0,     0,-3.724, 0.000,     0,     0,     0,     0
2016-11-30 9:15:23,-197.81,     0,     0,     0,     0,     0,-3.763, 0.000,     0,     0,     0,     0
2016-11-30 9:15:24,-197.83,     0,     0,     0,     0,     0,-4.427, 0.000,     0,     0,     0,     0
2016-11-30 9:15:25,-198.05,     0,     0,     0,     0,     0,-3.813, 0.000,     0,     0,     0,     0
2016-11-30 9:15:26,-197.83,     0,     0,     0,     0,     0,-4.245, 0.000,     0,     0,     0,     0
2016-11-30 9:15:27,-198.20,     0,     0,     0,     0,     0,-3.871, 0.000,     0,     0,     0,     0
2016-11-30 9:15:28,-198.22,     0,     0,     0,     0,     0,-3.906, 0.000,     0,     0,     0,     0
2016-11-30 9:15:29,-198.27,     0,     0,     0,     0,     0,-3.952, 0.000,     0,     0,     0,     0
2016-11-30 9:15:30,-198.39,     0,     0,     0,     0,     0,-3.979, 0.000,     0,     0,     0,     0
2016-11-30 9:15:31,-198.53,     0,     0,     0,     0,     0,-4.006, 0.000,     0,     0,     0,     0
2016-11-30 9:15:32,-198.97,     0,     0,     0,     0,     0,-4.044, 0.000,     0,     0,     0,     0
2016-11-30 9:15:33,-198.70,     0,     0,     0,     0,     0,-4.075, 0.000,     0,     0,     0,     0
2016-11-30 9:15:34,-199.12,     0,     0,     0,     0,     0,-4.122, 0.000,     0,     0,     0,     0
2016-11-30 9:15:35,-198.84,     0,     0,     0,     0,     0,-4.141, 0.000,     0,     0,     0,     0
2016-11-30 9:15:36,-199.36,     0,     0,     0,     0,     0,-4.183, 0.000,     0,     0,     0,     0
2016-11-30 9:15:37,-199.11,     0,     0,     0,     0,     0,-4.210, 0.000,     0,     0,     0,     0
2016-11-30 9:15:38,-199.67,     0,     0,     0,     0,     0,-4.245, 0.000,     0,     0,     0,     0
2016-11-30 9:15:39,-199.41,     0,     0,     0,     0,     0,-4.288, 0.000,     0,     0,     0,     0
2016-11-30 9:15:40,-199.85,     0,     0,     0,     0,     0,-4.315, 0.000,     0,     0,     0,     0
2016-11-30 9:15:41,-199.68,     0,     0,     0,     0,     0,-4.338, 0.000,     0,     0,     0,     0
2016-11-30 9:15:42,-199.61,     0,     0,     0,     0,     0,-4.361, 0.000,     0,     0,     0,     0
2016-11-30 9:15:43,-199.91,     0,     0,     0,     0,     0,-4.396, 0.000,     0,     0,     0,     0
2016-11-30 9:15:44,-199.76,     0,     0,     0,     0,     0,-4.427, 0.000,     0,     0,     0,     0
2016-11-30 9:15:45,-200.42,     0,     0,     0,     0,     0,-4.465, 0.000,     0,     0,     0,     0
2016-11-30 9:15:46,-200.06,     0,     0,     0,     0,     0,-4.515, 0.000,     0,     0,     0,     0
2016-11-30 9:15:47,-200.31,     0,     0,     0,     0,     0,-4.542, 0.000,     0,     0,     0,     0
2016-11-30 9:15:48,-200.15,     0,     0,     0,     0,     0,-4.558, 0.000,     0,     0,     0,     0
2016-11-30 9:15:49,-200.68,     0,     0,     0,     0,     0,-4.604, 0.000,     0,     0,     0,     0
2016-11-30 9:15:50,-200.40,     0,     0,     0,     0,     0,-4.635, 0.000,     0,     0,     0,     0
2016-11-30 9:15:51,-200.38,     0,     0,     0,     0,     0,-4.658, 0.000,     0,     0,     0,     0
2016-11-30 9:15:52,-200.46,     0,     0,     0,     0,     0,-4.677, 0.000,     0,     0,     0,     0
2016-11-30 9:15:53,-200.65,     0,     0,     0,     0,     0,-4.708, 0.000,     0,     0,     0,     0
2016-11-30 9:15:54,-201.00,     0,     0,     0,     0,     0,-4.755, 0.000,     0,     0,     0,     0
2016-11-30 9:15:55,-200.83,     0,     0,     0,     0,     0,-4.797, 0.000,     0,     0,     0,     0
2016-11-30 9:15:56,-201.12,     0,     0,     0,     0,     0,-4.824, 0.000,     0,     0,     0,     0
2016-11-30 9:15:57,-201.11,     0,     0,     0,     0,     0,-4.863, 0.000,     0,     0,     0,     0
2016-11-30 9:15:58,-201.45,     0,     0,     0,     0,     0,-4.890, 0.000,     0,     0,     0,     0
2016-11-30 9:15:59,-201.27,     0,     0,     0,     0,     0,-4.924, 0.000,     0,     0,     0,     0
2016-11-30 9:16:00,-201.59,     0,     0,     0,     0,     0,-4.963, 0.000,     0,     0,     0,     0
2016-11-30 9:16:01,-201.30,     0,     0,     0,     0,     0,-4.994, 0.000,     0,     0,     0,     0
2016-11-30 9:16:02,-201.36,     0,     0,     0,     0,     0,-5.009, 0.000,     0,     0,     0,     0
2016-11-30 9:16:03,-201.73,     0,     0,     0,     0,     0,-5.056, 0.000,     0,     0,     0,     0
2016-11-30 9:16:04,-201.50,     0,     0,     0,     0,     0,-5.079, 0.000,     0,     0,     0,     0
2016-11-30 9:16:05,-202.19,     0,     0,     0,     0,     0,-5.152, 0.000,     0,     0,     0,     0
2016-11-30 9:16:06,-201.71,     0,     0,     0,     0,     0,-5.164, 0.000,     0,     0,     0,     0
2016-11-30 9:16:07,-201.67,     0,     0,     0,     0,     0,-5.202, 0.000,     0,     0,     0,     0
2016-11-30 9:16:08,-202.10,     0,     0,     0,     0,     0,-5.233, 0.000,     0,     0,     0,     0
2016-11-30 9:16:09,-201.91,     0,     0,     0,     0,     0,-5.256, 0.000,     0,     0,     0,     0
2016-11-30 9:16:10,-202.12,     0,     0,     0,     0,     0,-5.299, 0.000,     0,     0,     0,     0
2016-11-30 9:16:11,-202.05,     0,     0,     0,     0,     0,-5.318, 0.000,     0,     0,     0,     0
2016-11-30 9:16:12,-202.45,     0,     0,     0,     0,     0,-5.368, 0.000,     0,     0,     0,     0
2016-11-30 9:16:13,-202.31,     0,     0,     0,     0,     0,-5.411, 0.000,     0,     0,     0,     0
2016-11-30 9:16:14,-202.44,     0,     0,     0,     0,     0,-5.442, 0.000,     0,     0,     0,     0
2016-11-30 9:16:15,-202.29,     0,     0,     0,     0,     0,-5.449, 0.000,     0,     0,     0,     0
2016-11-30 9:16:16,-202.73,     0,     0,     0,     0,     0,-5.496, 0.000,     0,     0,     0,     0
2016-11-30 9:16:17,-202.36,     0,     0,     0,     0,     0,-5.530, 0.000,     0,     0,     0,     0
2016-11-30 9:16:18,-202.91,     0,     0,     0,     0,     0,-5.565, 0.000,     0,     0,     0,     0
2016-11-30 9:16:19,-202.76,     0,     0,     0,     0,     0,-5.615, 0.000,     0,     0,     0,     0
2016-11-30 9:16:20,-202.60,     0,     0,     0,     0,     0,-5.638, 0.000,     0,     0,     0,     0
2016-11-30 9:16:21,-202.78,     0,     0,     0,     0,     0,-5.673, 0.000,     0,     0,     0,     0
2016-11-30 9:16:22,-202.56,     0,     0,     0,     0,     0,-5.708, 0.000,     0,     0,     0,     0
2016-11-30 9:16:23,-202.92,     0,     0,     0,     0,     0,-5.746, 0.000,     0,     0,     0,     0
2016-11-30 9:16:24,-202.72,     0,     0,     0,     0,     0,-5.777, 0.000,     0,     0,     0,     0
2016-11-30 9:16:25,-203.06,     0,     0,     0,     0,     0,-5.808, 0.000,     0,     0,     0,     0
2016-11-30 9:16:26,-202.82,     0,     0,     0,     0,     0,-5.847, 0.000,     0,     0,     0,     0
2016-11-30 9:16:27,-203.06,     0,     0,     0,     0,     0,-5.885, 0.000,     0,     0,     0,     0
2016-11-30 9:16:28,-202.91,     0,     0,     0,     0,     0,-5.901, 0.000,     0,     0,     0,     0
2016-11-30 9:16:29,-203.53,     0,     0,     0,     0,     0,-5.963, 0.000,     0,     0,     0,     0
2016-11-30 9:16:30,-203.18,     0,     0,     0,     0,     0,-5.990, 0.000,     0,     0,     0,     0
2016-11-30 9:16:31,-202.99,     0,     0,     0,     0,     0,-6.017, 0.000,     0,     0,     0,     0
2016-11-30 9:16:32,-203.51,     0,     0,     0,     0,     0,-6.051, 0.000,     0,     0,     0,     0
2016-11-30 9:16:33,-203.03,     0,     0,     0,     0,     0,-6.086, 0.000,     0,     0,     0,     0
2016-11-30 9:16:34,-203.60,     0,     0,     0,     0,     0,-6.121, 0.000,     0,     0,     0,     0
2016-11-30 9:16:35,-203.21,     0,     0,     0,     0,     0,-6.148, 0.000,     0,     0,     0,     0
2016-11-30 9:16:36,-203.60,     0,     0,     0,     0,     0,-6.194, 0.000,     0,     0,     0,     0
2016-11-30 9:16:37,-203.18,     0,     0,     0,     0,     0,-6.217, 0.000,     0,     0,     0,     0
2016-11-30 9:16:38,-203.62,     0,     0,     0,     0,     0,-6.260, 0.000,     0,     0,     0,     0
2016-11-30 9:16:39,-203.23,     0,     0,     0,     0,     0,-6.291, 0.000,     0,     0,     0,     0
2016-11-30 9:16:40,-203.82,     0,     0,     0,     0,     0,-6.329, 0.000,     0,     0,     0,     0
2016-11-30 9:16:41,-203.37,     0,     0,     0,     0,     0,-6.360, 0.000,     0,     0,     0,     0
2016-11-30 9:16:42,-203.99,     0,     0,     0,     0,     0,-6.399, 0.000,     0,     0,     0,     0
2016-11-30 9:16:43,-203.60,     0,     0,     0,     0,     0,-6.441, 0.000,     0,     0,     0,     0
2016-11-30 9:16:44,-203.43,     0,     0,     0,     0,     0,-6.464, 0.000,     0,     0,     0,     0
2016-11-30 9:16:45,-203.37,     0,     0,     0,     0,     0,-6.966, 0.000,     0,     0,     0,     0
2016-11-30 9:16:46,-203.91,     0,     0,     0,     0,     0,-6.526, 0.000,     0,     0,     0,     0
2016-11-30 9:16:47,-204.04,     0,     0,     0,     0,     0,-6.572, 0.000,     0,     0,     0,     0
2016-11-30 9:16:48,-203.55,     0,     0,     0,     0,     0,-6.615, 0.000,     0,     0,     0,     0
2016-11-30 9:16:49,-203.46,     0,     0,     0,     0,     0,-6.634, 0.000,     0,     0,     0,     0
2016-11-30 9:16:50,-203.59,     0,     0,     0,     0,     0,-6.673, 0.000,     0,     0,     0,     0
2016-11-30 9:16:51,-203.97,     0,     0,     0,     0,     0,-6.711, 0.000,     0,     0,     0,     0
2016-11-30 9:16:52,-203.70,     0,     0,     0,     0,     0,-6.758, 0.000,     0,     0,     0,     0
2016-11-30 9:16:53,-203.94,     0,     0,     0,     0,     0,-6.792, 0.000,     0,     0,     0,     0
2016-11-30 9:16:54,-203.70,     0,     0,     0,     0,     0,-6.823, 0.000,     0,     0,     0,     0
2016-11-30 9:16:55,-204.34,     0,     0,     0,     0,     0,-6.854, 0.000,     0,     0,     0,     0
2016-11-30 9:16:56,-203.71,     0,     0,     0,     0,     0,-6.885, 0.000,     0,     0,     0,     0
2016-11-30 9:16:57,-204.20,     0,     0,     0,     0,     0,-6.935, 0.000,     0,     0,     0,     0
2016-11-30 9:16:58,-204.17,     0,     0,     0,     0,     0,-6.970, 0.000,     0,     0,     0,     0
2016-11-30 9:16:59,-203.73,     0,     0,     0,     0,     0,-6.997, 0.000,     0,     0,     0,     0
2016-11-30 9:17:00,-204.26,     0,     0,     0,     0,     0,-7.043, 0.000,     0,     0,     0,     0
2016-11-30 9:17:01,-203.77,     0,     0,     0,     0,     0,-7.078, 0.000,     0,     0,     0,     0
2016-11-30 9:17:02,-204.22,     0,     0,     0,     0,     0,-7.124, 0.000,     0,     0,     0,     0
2016-11-30 9:17:03,-203.79,     0,     0,     0,     0,     0,-7.151, 0.000,     0,     0,     0,     0
2016-11-30 9:17:04,-204.37,     0,     0,     0,     0,     0,-7.178, 0.000,     0,     0,     0,     0
2016-11-30 9:17:05,-203.85,     0,     0,     0,     0,     0,-7.194, 0.000,     0,     0,     0,     0
2016-11-30 9:17:06,-204.35,     0,     0,     0,     0,     0,-7.313, 0.000,     0,     0,     0,     0
2016-11-30 9:17:07,-203.82,     0,     0,     0,     0,     0,-7.333, 0.000,     0,     0,     0,     0
2016-11-30 9:17:08,-204.30,     0,     0,     0,     0,     0,-7.356, 0.000,     0,     0,     0,     0
2016-11-30 9:17:09,-204.06,     0,     0,     0,     0,     0,-7.379, 0.000,     0,     0,     0,     0
2016-11-30 9:17:10,-203.88,     0,     0,     0,     0,     0,-7.429, 0.000,     0,     0,     0,     0
2016-11-30 9:17:11,-204.09,     0,     0,     0,     0,     0,-7.464, 0.000,     0,     0,     0,     0
2016-11-30 9:17:12,-203.94,     0,     0,     0,     0,     0,-7.498, 0.000,     0,     0,     0,     0
2016-11-30 9:17:13,-204.03,     0,     0,     0,     0,     0,-7.525, 0.000,     0,     0,     0,     0
2016-11-30 9:17:14,-203.90,     0,     0,     0,     0,     0,-7.545, 0.000,     0,     0,     0,     0
2016-11-30 9:17:15,-203.80,     0,     0,     0,     0,     0,-7.591, 0.000,     0,     0,     0,     0
2016-11-30 9:17:16,-204.32,     0,     0,     0,     0,     0,-7.634, 0.000,     0,     0,     0,     0
2016-11-30 9:17:17,-204.35,     0,     0,     0,     0,     0,-7.680, 0.000,     0,     0,     0,     0
2016-11-30 9:17:18,-203.82,     0,     0,     0,     0,     0,-7.715, 0.000,     0,     0,     0,     0
2016-11-30 9:17:19,-204.26,     0,     0,     0,     0,     0,-7.742, 0.000,     0,     0,     0,     0
2016-11-30 9:17:20,-203.74,     0,     0,     0,     0,     0,-7.780, 0.000,     0,     0,     0,     0
2016-11-30 9:17:21,-204.27,     0,     0,     0,     0,     0,-7.815, 0.000,     0,     0,     0,     0
2016-11-30 9:17:22,-203.79,     0,     0,     0,     0,     0,-7.857, 0.000,     0,     0,     0,     0
2016-11-30 9:17:23,-204.28,     0,     0,     0,     0,     0,-7.896, 0.000,     0,     0,     0,     0
2016-11-30 9:17:24,-203.75,     0,     0,     0,     0,     0,-7.931, 0.000,     0,     0,     0,     0
2016-11-30 9:17:25,-204.33,     0,     0,     0,     0,     0,-7.969, 0.000,     0,     0,     0,     0
2016-11-30 9:17:26,-204.25,     0,     0,     0,     0,     0,-8.016, 0.000,     0,     0,     0,     0
2016-11-30 9:17:27,-203.79,     0,     0,     0,     0,     0,-8.070, 0.000,     0,     0,     0,     0
2016-11-30 9:17:28,-204.29,     0,     0,     0,     0,     0,-8.101, 0.000,     0,     0,     0,     0
2016-11-30 9:17:29,-203.77,     0,     0,     0,     0,     0,-8.116, 0.000,     0,     0,     0,     0
2016-11-30 9:17:30,-204.26,     0,     0,     0,     0,     0,-8.174, 0.000,     0,     0,     0,     0
2016-11-30 9:17:31,-203.63,     0,     0,     0,     0,     0,-8.197, 0.000,     0,     0,     0,     0
2016-11-30 9:17:32,-204.14,     0,     0,     0,     0,     0,-8.255, 0.000,     0,     0,     0,     0
2016-11-30 9:17:33,-203.69,     0,     0,     0,     0,     0,-8.286, 0.000,     0,     0,     0,     0
2016-11-30 9:17:34,-204.08,     0,     0,     0,     0,     0,-8.336, 0.000,     0,     0,     0,     0
2016-11-30 9:17:35,-204.03,     0,     0,     0,     0,     0,-8.676, 0.000,     0,     0,     0,     0
2016-11-30 9:17:36,-201.86,     0,     0,     0,     0,     0,-8.390, 0.000,     0,     0,     0,     0
2016-11-30 9:17:37,-204.09,     0,     0,     0,     0,     0,-8.456, 0.000,     0,     0,     0,     0
2016-11-30 9:17:38,-203.42,     0,     0,     0,     0,     0,-8.490, 0.000,     0,     0,     0,     0
2016-11-30 9:17:39,-203.43,     0,     0,     0,     0,     0,-8.525, 0.000,     0,     0,     0,     0
2016-11-30 9:17:40,-203.90,     0,     0,     0,     0,     0,-8.791, 0.000,     0,     0,     0,     0
2016-11-30 9:17:41,-203.89,     0,     0,     0,     0,     0,-8.622, 0.000,     0,     0,     0,     0
2016-11-30 9:17:42,-203.47,     0,     0,     0,     0,     0,-8.664, 0.000,     0,     0,     0,     0
2016-11-30 9:17:43,-203.87,     0,     0,     0,     0,     0,-8.703, 0.000,     0,     0,     0,     0
2016-11-30 9:17:44,-203.30,     0,     0,     0,     0,     0,-8.737, 0.000,     0,     0,     0,     0
2016-11-30 9:17:45,-203.59,     0,     0,     0,     0,     0,-8.764, 0.000,     0,     0,     0,     0
2016-11-30 9:17:46,-203.43,     0,     0,     0,     0,     0,-8.811, 0.000,     0,     0,     0,     0
2016-11-30 9:17:47,-203.71,     0,     0,     0,     0,     0,-8.865, 0.000,     0,     0,     0,     0
2016-11-30 9:17:48,-203.75,     0,     0,     0,     0,     0,-8.923, 0.000,     0,     0,     0,     0
2016-11-30 9:17:49,-203.17,     0,     0,     0,     0,     0,-8.953, 0.000,     0,     0,     0,     0
2016-11-30 9:17:50,-203.62,     0,     0,     0,     0,     0,-9.004, 0.000,     0,     0,     0,     0
2016-11-30 9:17:51,-203.03,     0,     0,     0,     0,     0,-9.038, 0.000,     0,     0,     0,     0
2016-11-30 9:17:52,-203.49,     0,     0,     0,     0,     0,-9.096, 0.000,     0,     0,     0,     0
2016-11-30 9:17:53,-202.96,     0,     0,     0,     0,     0,-9.131, 0.000,     0,     0,     0,     0
2016-11-30 9:17:54,-203.42,     0,     0,     0,     0,     0,-9.185, 0.000,     0,     0,     0,     0
2016-11-30 9:17:55,-202.92,     0,     0,     0,     0,     0,-9.227, 0.000,     0,     0,     0,     0
2016-11-30 9:17:56,-203.31,     0,     0,     0,     0,     0,-9.281, 0.000,     0,     0,     0,     0
2016-11-30 9:17:57,-203.25,     0,     0,     0,     0,     0,-9.335, 0.000,     0,     0,     0,     0
2016-11-30 9:17:58,-202.64,     0,     0,     0,     0,     0,-9.374, 0.000,     0,     0,     0,     0
2016-11-30 9:17:59,-203.05,     0,     0,     0,     0,     0,-9.405, 0.000,     0,     0,     0,     0
2016-11-30 9:18:00,-202.61,     0,     0,     0,     0,     0,-9.467, 0.000,     0,     0,     0,     0
2016-11-30 9:18:01,-203.02,     0,     0,     0,     0,     0,-9.513, 0.000,     0,     0,     0,     0
2016-11-30 9:18:02,-202.48,     0,     0,     0,     0,     0,-9.536, 0.000,     0,     0,     0,     0
2016-11-30 9:18:03,-202.76,     0,     0,     0,     0,     0,-9.582, 0.000,     0,     0,     0,     0
2016-11-30 9:18:04,-202.24,     0,     0,     0,     0,     0,-9.648, 0.000,     0,     0,     0,     0
2016-11-30 9:18:05,-202.59,     0,     0,     0,     0,     0,-9.679, 0.000,     0,     0,     0,     0
2016-11-30 9:18:06,-202.03,     0,     0,     0,     0,     0,-9.725, 0.000,     0,     0,     0,     0
2016-11-30 9:18:07,-202.34,     0,     0,     0,     0,     0,-9.775, 0.000,     0,     0,     0,     0
2016-11-30 9:18:08,-201.73,     0,     0,     0,     0,     0,-9.814, 0.000,     0,     0,     0,     0
2016-11-30 9:18:09,-202.15,     0,     0,     0,     0,     0,-9.868, 0.000,     0,     0,     0,     0
2016-11-30 9:18:10,-201.53,     0,     0,     0,     0,     0,-9.926, 0.000,     0,     0,     0,     0
2016-11-30 9:18:11,-201.83,     0,     0,     0,     0,     0,-9.968, 0.000,     0,     0,     0,     0
2016-11-30 9:18:12,-201.16,     0,     0,     0,     0,     0,-10.015, 0.000,     0,     0,     0,     0
2016-11-30 9:18:13,-201.09,     0,     0,     0,     0,     0,-10.038, 0.000,     0,     0,     0,     0
2016-11-30 9:18:14,-201.42,     0,     0,     0,     0,     0,-10.107, 0.000,     0,     0,     0,     0
2016-11-30 9:18:15,-200.65,     0,     0,     0,     0,     0,-10.169, 0.000,     0,     0,     0,     0
2016-11-30 9:18:16,-201.10,     0,     0,     0,     0,     0,-10.223, 0.000,     0,     0,     0,     0
2016-11-30 9:18:17,-200.54,     0,     0,     0,     0,     0,-10.258, 0.000,     0,     0,     0,     0
2016-11-30 9:18:18,-200.69,     0,     0,     0,     0,     0,-10.308, 0.000,     0,     0,     0,     0
2016-11-30 9:18:19,-200.07,     0,     0,     0,     0,     0,-10.354, 0.000,     0,     0,     0,     0
2016-11-30 9:18:20,-200.34,     0,     0,     0,     0,     0,-10.404, 0.000,     0,     0,     0,     0
2016-11-30 9:18:21,-199.72,     0,     0,     0,     0,     0,-10.466, 0.000,     0,     0,     0,     0
2016-11-30 9:18:22,-199.80,     0,     0,     0,     0,     0,-10.524, 0.000,     0,     0,     0,     0
2016-11-30 9:18:23,-199.24,     0,     0,     0,     0,     0,-10.559, 0.000,     0,     0,     0,     0
2016-11-30 9:18:24,-199.37,     0,     0,     0,     0,     0,-10.613, 0.000,     0,     0,     0,     0
2016-11-30 9:18:25,-198.68,     0,     0,     0,     0,     0,-10.655, 0.000,     0,     0,     0,     0
2016-11-30 9:18:26,-198.98,     0,     0,     0,     0,     0,-10.709, 0.000,     0,     0,     0,     0
2016-11-30 9:18:27,-198.22,     0,     0,     0,     0,     0,-10.748, 0.000,     0,     0,     0,     0
2016-11-30 9:18:28,-198.49,     0,     0,     0,     0,     0,-10.814, 0.000,     0,     0,     0,     0
2016-11-30 9:18:29,-197.74,     0,     0,     0,     0,     0,-10.868, 0.000,     0,     0,     0,     0
2016-11-30 9:18:30,-198.01,     0,     0,     0,     0,     0,-10.929, 0.000,     0,     0,     0,     0
2016-11-30 9:18:31,-197.38,     0,     0,     0,     0,     0,-10.956, 0.000,     0,     0,     0,     0
2016-11-30 9:18:32,-197.44,     0,     0,     0,     0,     0,-11.014, 0.000,     0,     0,     0,     0
2016-11-30 9:18:33,-196.67,     0,     0,     0,     0,     0,-11.068, 0.000,     0,     0,     0,     0
2016-11-30 9:18:34,-196.94,     0,     0,     0,     0,     0,-11.118, 0.000,     0,     0,     0,     0
2016-11-30 9:18:35,-196.57,     0,     0,     0,     0,     0,-11.180, 0.000,     0,     0,     0,     0
2016-11-30 9:18:36,-195.79,     0,     0,     0,     0,     0,-11.207, 0.000,     0,     0,     0,     0
2016-11-30 9:18:37,-195.70,     0,     0,     0,     0,     0,-11.254, 0.000,     0,     0,     0,     0
2016-11-30 9:18:38,-195.52,     0,     0,     0,     0,     0,-11.300, 0.000,     0,     0,     0,     0
2016-11-30 9:18:39,-195.75,     0,     0,     0,     0,     0,-11.335, 0.000,     0,     0,     0,     0
2016-11-30 9:18:40,-194.65,     0,     0,     0,     0,     0,-11.481, 0.000,     0,     0,     0,     0
2016-11-30 9:18:41,-194.67,     0,     0,     0,     0,     0,-11.489, 0.000,     0,     0,     0,     0
2016-11-30 9:18:42,-194.21,     0,     0,     0,     0,     0,-11.516, 0.000,     0,     0,     0,     0
2016-11-30 9:18:43,-194.37,     0,     0,     0,     0,     0,-11.566, 0.000,     0,     0,     0,     0
2016-11-30 9:18:44,-193.57,     0,     0,     0,     0,     0,-11.612, 0.000,     0,     0,     0,     0
2016-11-30 9:18:45,-193.78,     0,     0,     0,     0,     0,-11.666, 0.000,     0,     0,     0,     0
2016-11-30 9:18:46,-193.04,     0,     0,     0,     0,     0,-11.721, 0.000,     0,     0,     0,     0
2016-11-30 9:18:47,-193.25,     0,     0,     0,     0,     0,-11.771, 0.000,     0,     0,     0,     0
2016-11-30 9:18:48,-192.73,     0,     0,     0,     0,     0,-11.836, 0.000,     0,     0,     0,     0
2016-11-30 9:18:49,-191.89,     0,     0,     0,     0,     0,-11.879, 0.000,     0,     0,     0,     0
2016-11-30 9:18:50,-191.91,     0,     0,     0,     0,     0,-11.894, 0.000,     0,     0,     0,     0
2016-11-30 9:18:51,-191.61,     0,     0,     0,     0,     0,-11.956, 0.000,     0,     0,     0,     0
2016-11-30 9:18:52,-191.38,     0,     0,     0,     0,     0,-12.006, 0.000,     0,     0,     0,     0
2016-11-30 9:18:53,-191.00,     0,     0,     0,     0,     0,-12.056, 0.000,     0,     0,     0,     0
2016-11-30 9:18:54,-190.69,     0,     0,     0,     0,     0,-12.106, 0.000,     0,     0,     0,     0
2016-11-30 9:18:55,-190.31,     0,     0,     0,     0,     0,-12.157, 0.000,     0,     0,     0,     0
2016-11-30 9:18:56,-190.16,     0,     0,     0,     0,     0,-12.211, 0.000,     0,     0,     0,     0
2016-11-30 9:18:57,-189.69,     0,     0,     0,     0,     0,-12.269, 0.000,     0,     0,     0,     0
2016-11-30 9:18:58,-189.55,     0,     0,     0,     0,     0,-12.319, 0.000,     0,     0,     0,     0
2016-11-30 9:18:59,-188.95,     0,     0,     0,     0,     0,-12.380, 0.000,     0,     0,     0,     0
2016-11-30 9:19:00,-188.85,     0,     0,     0,     0,     0,-12.415, 0.000,     0,     0,     0,     0
2016-11-30 9:19:01,-188.37,     0,     0,     0,     0,     0,-12.469, 0.000,     0,     0,     0,     0
2016-11-30 9:19:02,-188.15,     0,     0,     0,     0,     0,-12.516, 0.000,     0,     0,     0,     0
2016-11-30 9:19:03,-187.98,     0,     0,     0,     0,     0,-12.577, 0.000,     0,     0,     0,     0
2016-11-30 9:19:04,-187.19,     0,     0,     0,     0,     0,-12.631, 0.000,     0,     0,     0,     0
2016-11-30 9:19:05,-187.25,     0,     0,     0,     0,     0,-12.685, 0.000,     0,     0,     0,     0
2016-11-30 9:19:06,-186.36,     0,     0,     0,     0,     0,-12.728, 0.000,     0,     0,     0,     0
2016-11-30 9:19:07,-186.64,     0,     0,     0,     0,     0,-12.790, 0.000,     0,     0,     0,     0
2016-11-30 9:19:08,-185.74,     0,     0,     0,     0,     0,-12.836, 0.000,     0,     0,     0,     0
2016-11-30 9:19:09,-185.83,     0,     0,     0,     0,     0,-12.882, 0.000,     0,     0,     0,     0
2016-11-30 9:19:10,-185.62,     0,     0,     0,     0,     0,-12.913, 0.000,     0,     0,     0,     0
2016-11-30 9:19:11,-184.97,     0,     0,     0,     0,     0,-12.975, 0.000,     0,     0,     0,     0
2016-11-30 9:19:12,-184.38,     0,     0,     0,     0,     0,-13.036, 0.000,     0,     0,     0,     0
2016-11-30 9:19:13,-184.28,     0,     0,     0,     0,     0,-13.071, 0.000,     0,     0,     0,     0
2016-11-30 9:19:14,-183.99,     0,     0,     0,     0,     0,-13.133, 0.000,     0,     0,     0,     0
2016-11-30 9:19:15,-183.58,     0,     0,     0,     0,     0,-13.172, 0.000,     0,     0,     0,     0
2016-11-30 9:19:16,-182.81,     0,     0,     0,     0,     0,-13.249, 0.000,     0,     0,     0,     0
2016-11-30 9:19:17,-182.66,     0,     0,     0,     0,     0,-13.268, 0.000,     0,     0,     0,     0
2016-11-30 9:19:18,-182.28,     0,     0,     0,     0,     0,-13.334, 0.000,     0,     0,     0,     0
2016-11-30 9:19:19,-181.93,     0,     0,     0,     0,     0,-13.353, 0.000,     0,     0,     0,     0
2016-11-30 9:19:20,-181.83,     0,     0,     0,     0,     0,-13.438, 0.000,     0,     0,     0,     0
2016-11-30 9:19:21,-180.96,     0,     0,     0,     0,     0,-13.503, 0.000,     0,     0,     0,     0
2016-11-30 9:19:22,-181.02,     0,     0,     0,     0,     0,-13.538, 0.000,     0,     0,     0,     0
2016-11-30 9:19:23,-180.30,     0,     0,     0,     0,     0,-13.600, 0.000,     0,     0,     0,     0
2016-11-30 9:19:24,-180.31,     0,     0,     0,     0,     0,-13.650, 0.000,     0,     0,     0,     0
2016-11-30 9:19:25,-179.40,     0,     0,     0,     0,     0,-13.700, 0.000,     0,     0,     0,     0
2016-11-30 9:19:26,-179.56,     0,     0,     0,     0,     0,-13.762, 0.000,     0,     0,     0,     0
2016-11-30 9:19:27,-178.58,     0,     0,     0,     0,     0,-13.781, 0.000,     0,     0,     0,     0
2016-11-30 9:19:28,-178.71,     0,     0,     0,     0,     0,-13.866, 0.000,     0,     0,     0,     0
2016-11-30 9:19:29,-177.81,     0,     0,     0,     0,     0,-13.912, 0.000,     0,     0,     0,     0
2016-11-30 9:19:30,-177.63,     0,     0,     0,     0,     0,-13.940, 0.000,     0,     0,     0,     0
2016-11-30 9:19:31,-177.73,     0,     0,     0,     0,     0,-14.001, 0.000,     0,     0,     0,     0
2016-11-30 9:19:32,-176.94,     0,     0,     0,     0,     0,-14.032, 0.000,     0,     0,     0,     0
2016-11-30 9:19:33,-176.98,     0,     0,     0,     0,     0,-14.079, 0.000,     0,     0,     0,     0
2016-11-30 9:19:34,-175.99,     0,     0,     0,     0,     0,-14.140, 0.000,     0,     0,     0,     0
2016-11-30 9:19:35,-176.02,     0,     0,     0,     0,     0,-14.179, 0.000,     0,     0,     0,     0
2016-11-30 9:19:36,-175.10,     0,     0,     0,     0,     0,-14.279, 0.000,     0,     0,     0,     0
2016-11-30 9:19:37,-174.69,     0,     0,     0,     0,     0,-14.310, 0.000,     0,     0,     0,     0
2016-11-30 9:19:38,-174.45,     0,     0,     0,     0,     0,-14.356, 0.000,     0,     0,     0,     0
2016-11-30 9:19:39,-174.16,     0,     0,     0,     0,     0,-14.669, 0.000,     0,     0,     0,     0
2016-11-30 9:19:40,-173.32,     0,     0,     0,     0,     0,-14.460, 0.000,     0,     0,     0,     0
2016-11-30 9:19:41,-173.16,     0,     0,     0,     0,     0,-14.511, 0.000,     0,     0,     0,     0
2016-11-30 9:19:42,-173.04,     0,     0,     0,     0,     0,-14.522, 0.000,     0,     0,     0,     0
2016-11-30 9:19:43,-172.18,     0,     0,     0,     0,     0,-14.542, 0.000,     0,     0,     0,     0
2016-11-30 9:19:44,-172.17,     0,     0,     0,     0,     0,-14.677, 0.000,     0,     0,     0,     0
2016-11-30 9:19:45,-171.19,     0,     0,     0,     0,     0,-14.684, 0.000,     0,     0,     0,     0
2016-11-30 9:19:46,-171.19,     0,     0,     0,     0,     0,-15.009, 0.000,     0,     0,     0,     0
2016-11-30 9:19:47,-170.13,     0,     0,     0,     0,     0,-14.823, 0.000,     0,     0,     0,     0
2016-11-30 9:19:48,-170.01,     0,     0,     0,     0,     0,-14.870, 0.000,     0,     0,     0,     0
2016-11-30 9:19:49,-169.28,     0,     0,     0,     0,     0,-14.928, 0.000,     0,     0,     0,     0
2016-11-30 9:19:50,-169.09,     0,     0,     0,     0,     0,-15.306, 0.000,     0,     0,     0,     0
2016-11-30 9:19:51,-168.85,     0,     0,     0,     0,     0,-15.009, 0.000,     0,     0,     0,     0
2016-11-30 9:19:52,-168.14,     0,     0,     0,     0,     0,-15.063, 0.000,     0,     0,     0,     0
2016-11-30 9:19:53,-167.71,     0,     0,     0,     0,     0,-15.113, 0.000,     0,     0,     0,     0
2016-11-30 9:19:54,-167.19,     0,     0,     0,     0,     0,-15.340, 0.000,     0,     0,     0,     0
2016-11-30 9:19:55,-167.17,     0,     0,     0,     0,     0,-15.217, 0.000,     0,     0,     0,     0
2016-11-30 9:19:56,-166.24,     0,     0,     0,     0,     0,-15.263, 0.000,     0,     0,     0,     0
2016-11-30 9:19:57,-165.51,     0,     0,     0,     0,     0,-15.310, 0.000,     0,     0,     0,     0
2016-11-30 9:19:58,-165.17,     0,     0,     0,     0,     0,-15.360, 0.000,     0,     0,     0,     0
2016-11-30 9:19:59,-164.69,     0,     0,     0,     0,     0,-15.641, 0.000,     0,     0,     0,     0
2016-11-30 9:20:00,-164.48,     0,     0,     0,     0,     0,-15.460, 0.000,     0,     0,     0,     0
2016-11-30 9:20:01,-163.83,     0,     0,     0,     0,     0,-16.178, 0.000,     0,     0,     0,     0
2016-11-30 9:20:02,-163.39,     0,     0,     0,     0,     0,-16.074, 0.000,     0,     0,     0,     0
2016-11-30 9:20:03,-162.55,     0,     0,     0,     0,     0,-15.603, 0.000,     0,     0,     0,     0
2016-11-30 9:20:04,-162.54,     0,     0,     0,     0,     0,-15.661, 0.000,     0,     0,     0,     0
2016-11-30 9:20:05,-161.50,     0,     0,     0,     0,     0,-15.707, 0.000,     0,     0,     0,     0
2016-11-30 9:20:06,-161.06,     0,     0,     0,     0,     0,-15.784, 0.000,     0,     0,     0,     0
2016-11-30 9:20:07,-160.43,     0,     0,     0,     0,     0,-15.819, 0.000,     0,     0,     0,     0
2016-11-30 9:20:08,-160.36,     0,     0,     0,     0,     0,-15.888, 0.000,     0,     0,     0,     0
2016-11-30 9:20:09,-159.92,     0,     0,     0,     0,     0,-15.977, 0.000,     0,     0,     0,     0
2016-11-30 9:20:10,-158.87,     0,     0,     0,     0,     0,-15.943, 0.000,     0,     0,     0,     0
2016-11-30 9:20:11,-158.68,     0,     0,     0,     0,     0,-16.008, 0.000,     0,     0,     0,     0
2016-11-30 9:20:12,-157.95,     0,     0,     0,     0,     0,-16.051, 0.000,     0,     0,     0,     0
2016-11-30 9:20:13,-157.36,     0,     0,     0,     0,     0,-16.116, 0.000,     0,     0,     0,     0
2016-11-30 9:20:14,-156.72,     0,     0,     0,     0,     0,-16.155, 0.000,     0,     0,     0,     0
2016-11-30 9:20:15,-156.88,     0,     0,     0,     0,     0,-16.209, 0.000,     0,     0,     0,     0
2016-11-30 9:20:16,-155.82,     0,     0,     0,     0,     0,-16.259, 0.000,     0,     0,     0,     0
2016-11-30 9:20:17,-155.54,     0,     0,     0,     0,     0,-16.325, 0.000,     0,     0,     0,     0
2016-11-30 9:20:18,-155.06,     0,     0,     0,     0,     0,-16.355, 0.000,     0,     0,     0,     0
2016-11-30 9:20:19,-154.05,     0,     0,     0,     0,     0,-16.417, 0.000,     0,     0,     0,     0
2016-11-30 9:20:20,-153.70,     0,     0,     0,     0,     0,-16.483, 0.000,     0,     0,     0,     0
2016-11-30 9:20:21,-152.90,     0,     0,     0,     0,     0,-16.541, 0.000,     0,     0,     0,     0
2016-11-30 9:20:22,-152.90,     0,     0,     0,     0,     0,-16.572, 0.000,     0,     0,     0,     0
2016-11-30 9:20:23,-151.66,     0,     0,     0,     0,     0,-16.618, 0.000,     0,     0,     0,     0
2016-11-30 9:20:24,-151.58,     0,     0,     0,     0,     0,-16.683, 0.000,     0,     0,     0,     0
2016-11-30 9:20:25,-150.64,     0,     0,     0,     0,     0,-16.737, 0.000,     0,     0,     0,     0
2016-11-30 9:20:26,-150.32,     0,     0,     0,     0,     0,-16.792, 0.000,     0,     0,     0,     0
2016-11-30 9:20:27,-149.50,     0,     0,     0,     0,     0,-16.819, 0.000,     0,     0,     0,     0
2016-11-30 9:20:28,-149.22,     0,     0,     0,     0,     0,-16.884, 0.000,     0,     0,     0,     0
2016-11-30 9:20:29,-148.45,     0,     0,     0,     0,     0,-16.954, 0.000,     0,     0,     0,     0
2016-11-30 9:20:30,-147.41,     0,     0,     0,     0,     0,-16.988, 0.000,     0,     0,     0,     0
2016-11-30 9:20:31,-147.18,     0,     0,     0,     0,     0,-17.050, 0.000,     0,     0,     0,     0
2016-11-30 9:20:32,-146.19,     0,     0,     0,     0,     0,-17.089, 0.000,     0,     0,     0,     0
2016-11-30 9:20:33,-145.95,     0,     0,     0,     0,     0,-17.174, 0.000,     0,     0,     0,     0
2016-11-30 9:20:34,-145.25,     0,     0,     0,     0,     0,-17.201, 0.000,     0,     0,     0,     0
2016-11-30 9:20:35,-144.94,     0,     0,     0,     0,     0,-17.247, 0.000,     0,     0,     0,     0
2016-11-30 9:20:36,-143.90,     0,     0,     0,     0,     0,-17.316, 0.000,     0,     0,     0,     0
2016-11-30 9:20:37,-143.20,     0,     0,     0,     0,     0,-17.351, 0.000,     0,     0,     0,     0
2016-11-30 9:20:38,-142.52,     0,     0,     0,     0,     0,-17.397, 0.000,     0,     0,     0,     0
2016-11-30 9:20:39,-142.30,     0,     0,     0,     0,     0,-17.478, 0.000,     0,     0,     0,     0
2016-11-30 9:20:40,-141.13,     0,     0,     0,     0,     0,-17.532, 0.000,     0,     0,     0,     0
2016-11-30 9:20:41,-140.12,     0,     0,     0,     0,     0,-17.583, 0.000,     0,     0,     0,     0
2016-11-30 9:20:42,-140.32,     0,     0,     0,     0,     0,-17.614, 0.000,     0,     0,     0,     0
2016-11-30 9:20:43,-138.99,     0,     0,     0,     0,     0,-17.675, 0.000,     0,     0,     0,     0
2016-11-30 9:20:44,-138.65,     0,     0,     0,     0,     0,-17.772, 0.000,     0,     0,     0,     0
2016-11-30 9:20:45,-137.51,     0,     0,     0,     0,     0,-17.787, 0.000,     0,     0,     0,     0
2016-11-30 9:20:46,-136.96,     0,     0,     0,     0,     0,-17.853, 0.000,     0,     0,     0,     0
2016-11-30 9:20:47,-136.01,     0,     0,     0,     0,     0,-17.876, 0.000,     0,     0,     0,     0
2016-11-30 9:20:48,-135.82,     0,     0,     0,     0,     0,-17.942, 0.000,     0,     0,     0,     0
2016-11-30 9:20:49,-134.56,     0,     0,     0,     0,     0,-17.988, 0.000,     0,     0,     0,     0
2016-11-30 9:20:50,-134.44,     0,     0,     0,     0,     0,-18.046, 0.000,     0,     0,     0,     0
2016-11-30 9:20:51,-133.62,     0,     0,     0,     0,     0,-18.115, 0.000,     0,     0,     0,     0
2016-11-30 9:20:52,-132.36,     0,     0,     0,     0,     0,-18.173, 0.000,     0,     0,     0,     0
2016-11-30 9:20:53,-131.99,     0,     0,     0,     0,     0,-18.235, 0.000,     0,     0,     0,     0
2016-11-30 9:20:54,-131.25,     0,     0,     0,     0,     0,-18.266, 0.000,     0,     0,     0,     0
2016-11-30 9:20:55,-130.41,     0,     0,     0,     0,     0,-18.351, 0.000,     0,     0,     0,     0
2016-11-30 9:20:56,-129.30,     0,     0,     0,     0,     0,-18.370, 0.000,     0,     0,     0,     0
2016-11-30 9:20:57,-129.13,     0,     0,     0,     0,     0,-18.439, 0.000,     0,     0,     0,     0
2016-11-30 9:20:58,-127.83,     0,     0,     0,     0,     0,-18.501, 0.000,     0,     0,     0,     0
2016-11-30 9:20:59,-127.42,     0,     0,     0,     0,     0,-18.559, 0.000,     0,     0,     0,     0
2016-11-30 9:21:00,-126.39,     0,     0,     0,     0,     0,-18.609, 0.000,     0,     0,     0,     0
2016-11-30 9:21:01,-125.83,     0,     0,     0,     0,     0,-18.632, 0.000,     0,     0,     0,     0
2016-11-30 9:21:02,-125.05,     0,     0,     0,     0,     0,-18.659, 0.000,     0,     0,     0,     0
2016-11-30 9:21:03,-124.63,     0,     0,     0,     0,     0,-18.737, 0.000,     0,     0,     0,     0
2016-11-30 9:21:04,-123.18,     0,     0,     0,     0,     0,-18.802, 0.000,     0,     0,     0,     0
2016-11-30 9:21:05,-122.90,     0,     0,     0,     0,     0,-18.852, 0.000,     0,     0,     0,     0
2016-11-30 9:21:06,-121.87,     0,     0,     0,     0,     0,-18.949, 0.000,     0,     0,     0,     0
2016-11-30 9:21:07,-120.69,     0,     0,     0,     0,     0,-18.960, 0.000,     0,     0,     0,     0
2016-11-30 9:21:08,-120.14,     0,     0,     0,     0,     0,-19.042, 0.000,     0,     0,     0,     0
2016-11-30 9:21:09,-118.96,     0,     0,     0,     0,     0,-19.119, 0.000,     0,     0,     0,     0
2016-11-30 9:21:10,-118.95,     0,     0,     0,     0,     0,-19.115, 0.000,     0,     0,     0,     0
2016-11-30 9:21:11,-117.59,     0,     0,     0,     0,     0,-19.169, 0.000,     0,     0,     0,     0
2016-11-30 9:21:12,-117.15,     0,     0,     0,     0,     0,-19.269, 0.000,     0,     0,     0,     0
2016-11-30 9:21:13,-116.39,     0,     0,     0,     0,     0,-19.312, 0.000,     0,     0,     0,     0
2016-11-30 9:21:14,-114.84,     0,     0,     0,     0,     0,-19.393, 0.000,     0,     0,     0,     0
2016-11-30 9:21:15,-114.17,     0,     0,     0,     0,     0,-19.423, 0.000,     0,     0,     0,     0
2016-11-30 9:21:16,-112.73,     0,     0,     0,     0,     0,-19.458, 0.000,     0,     0,     0,     0
2016-11-30 9:21:17,-112.67,     0,     0,     0,     0,     0,-19.485, 0.000,     0,     0,     0,     0
2016-11-30 9:21:18,-111.22,     0,     0,     0,     0,     0,-19.582, 0.000,     0,     0,     0,     0
2016-11-30 9:21:19,-110.89,     0,     0,     0,     0,     0,-19.609, 0.000,     0,     0,     0,     0
2016-11-30 9:21:20,-109.42,     0,     0,     0,     0,     0,-19.682, 0.000,     0,     0,     0,     0
2016-11-30 9:21:21,-108.65,     0,     0,     0,     0,     0,-19.694, 0.000,     0,     0,     0,     0
2016-11-30 9:21:22,-107.36,     0,     0,     0,     0,     0,-19.821, 0.000,     0,     0,     0,     0
2016-11-30 9:21:23,-106.54,     0,     0,     0,     0,     0,-19.840, 0.000,     0,     0,     0,     0
2016-11-30 9:21:24,-105.74,     0,     0,     0,     0,     0,-19.887, 0.000,     0,     0,     0,     0
2016-11-30 9:21:25,-104.38,     0,     0,     0,     0,     0,-19.925, 0.000,     0,     0,     0,     0
2016-11-30 9:21:26,-103.85,     0,     0,     0,     0,     0,-20.002, 0.000,     0,     0,     0,     0
2016-11-30 9:21:27,-102.30,     0,     0,     0,     0,     0,-20.037, 0.000,     0,     0,     0,     0
2016-11-30 9:21:28,-101.50,     0,     0,     0,     0,     0,-20.203, 0.000,     0,     0,     0,     0
2016-11-30 9:21:29,-73.10,     0,     0,     0,     0,     0,-22.600, 0.000,     0,     0,     0,     0
2016-11-30 9:21:30, 15.51,     0,     0,     0,     0,     0,-22.561, 0.000,     0,     0,     0,     0
2016-11-30 9:21:31, 15.52,     0,     0,     0,     0,     0,-22.538, 0.000,     0,     0,     0,     0
2016-11-30 9:21:32, 15.56,     0,     0,     0,     0,     0,-22.530, 0.000,     0,     0,     0,     0
2016-11-30 9:21:33, 15.52,     0,     0,     0,     0,     0,-22.523, 0.000,     0,     0,     0,     0
2016-11-30 9:21:34, 15.59,     0,     0,     0,     0,     0,-22.503, 0.000,     0,     0,     0,     0
2016-11-30 9:21:35, 15.59,     0,     0,     0,     0,     0,-22.492, 0.000,     0,     0,     0,     0
2016-11-30 9:21:36, 15.59,     0,     0,     0,     0,     0,-22.495, 0.000,     0,     0,     0,     0
2016-11-30 9:21:37, 15.59,     0,     0,     0,     0,     0,-22.488, 0.000,     0,     0,     0,     0
2016-11-30 9:21:38, 15.57,     0,     0,     0,     0,     0,-22.484, 0.000,     0,     0,     0,     0
2016-11-30 9:21:39, 15.57,     0,     0,     0,     0,     0,-22.492, 0.000,     0,     0,     0,     0
2016-11-30 9:21:40, 15.59,     0,     0,     0,     0,     0,-22.492, 0.000,     0,     0,     0,     0
2016-11-30 9:21:41, 15.57,     0,     0,     0,     0,     0,-22.488, 0.000,     0,     0,     0,     0
2016-11-30 9:21:42, 15.55,     0,     0,     0,     0,     0,-22.480, 0.000,     0,     0,     0,     0
2016-11-30 9:21:43, 15.55,     0,     0,     0,     0,     0,-22.476, 0.000,     0,     0,     0,     0
2016-11-30 9:21:44, 15.56,     0,     0,     0,     0,     0,-22.472, 0.000,     0,     0,     0,     0
2016-11-30 9:21:45, 15.58,     0,     0,     0,     0,     0,-22.472, 0.000,     0,     0,     0,     0
2016-11-30 9:21:46, 15.51,     0,     0,     0,     0,     0,-22.480, 0.000,     0,     0,     0,     0
2016-11-30 9:21:47, 15.48,     0,     0,     0,     0,     0,-22.484, 0.000,     0,     0,     0,     0
2016-11-30 9:21:48, 15.49,     0,     0,     0,     0,     0,-24.618, 0.000,     0,     0,     0,     0
2016-11-30 9:21:49, 15.50,     0,     0,     0,     0,     0,-27.007, 0.000,     0,     0,     0,     0
2016-11-30 9:21:50, 15.53,     0,     0,     0,     0,     0,-27.184, 0.000,     0,     0,     0,     0
2016-11-30 9:21:51, 15.52,     0,     0,     0,     0,     0,-27.181, 0.000,     0,     0,     0,     0
2016-11-30 9:21:52, 15.49,     0,     0,     0,     0,     0,-27.177, 0.000,     0,     0,     0,     0
2016-11-30 9:21:53, 15.50,     0,     0,     0,     0,     0,-27.184, 0.000,     0,     0,     0,     0
2016-11-30 9:21:54, 15.53,     0,     0,     0,     0,     0,-27.184, 0.000,     0,     0,     0,     0
2016-11-30 9:21:55, 15.51,     0,     0,     0,     0,     0,-27.184, 0.000,     0,     0,     0,     0
2016-11-30 9:21:56, 15.49,     0,     0,     0,     0,     0,-27.184, 0.000,     0,     0,     0,     0
2016-11-30 9:21:57, 15.51,     0,     0,     0,     0,     0,-27.181, 0.000,     0,     0,     0,     0
2016-11-30 9:21:58, 15.50,     0,     0,     0,     0,     0,-27.188, 0.000,     0,     0,     0,     0
2016-11-30 9:21:59, 15.55,     0,     0,     0,     0,     0,-27.181, 0.000,     0,     0,     0,     0
2016-11-30 9:22:00, 15.51,     0,     0,     0,     0,     0,-27.184, 0.000,     0,     0,     0,     0
2016-11-30 9:22:01, 15.51,     0,     0,     0,     0,     0,-27.181, 0.000,     0,     0,     0,     0
2016-11-30 9:22:02, 15.52,     0,     0,     0,     0,     0,-27.184, 0.000,     0,     0,     0,     0
2016-11-30 9:22:03, 15.53,     0,     0,     0,     0,     0,-27.181, 0.000,     0,     0,     0,     0
2016-11-30 9:22:04, 15.50,     0,     0,     0,     0,     0,-27.184, 0.000,     0,     0,     0,     0
2016-11-30 9:22:05, 15.48,     0,     0,     0,     0,     0,-27.181, 0.000,     0,     0,     0,     0
2016-11-30 9:22:06, 15.52,     0,     0,     0,     0,     0,-27.184, 0.000,     0,     0,     0,     0
2016-11-30 9:22:07, 15.47,     0,     0,     0,     0,     0,-27.188, 0.000,     0,     0,     0,     0
2016-11-30 9:22:08, 15.50,     0,     0,     0,     0,     0,-27.181, 0.000,     0,     0,     0,     0
2016-11-30 9:22:09, 15.51,     0,     0,     0,     0,     0,-27.177, 0.000,     0,     0,     0,     0
2016-11-30 9:22:10, 15.52,     0,     0,     0,     0,     0,-27.181, 0.000,     0,     0,     0,     0
2016-11-30 9:22:11, 15.47,     0,     0,     0,     0,     0,-27.184, 0.000,     0,     0,     0,     0
2016-11-30 9:22:12, 15.48,     0,     0,     0,     0,     0,-27.184, 0.000,     0,     0,     0,     0
2016-11-30 9:22:13, 15.48,     0,     0,     0,     0,     0,-27.184, 0.000,     0,     0,     0,     0
2016-11-30 9:22:14, 15.47,     0,     0,     0,     0,     0,-27.184, 0.000,     0,     0,     0,     0
2016-11-30 9:22:15, 15.32,     0,     0,     0,     0,     0,-27.184, 0.000,     0,     0,     0,     0
2016-11-30 9:22:16, 15.51,     0,     0,     0,     0,     0,-27.181, 0.000,     0,     0,     0,     0
2016-11-30 9:22:17, 15.52,     0,     0,     0,     0,     0,-27.184, 0.000,     0,     0,     0,     0
2016-11-30 9:22:18, 15.50,     0,     0,     0,     0,     0,-27.181, 0.000,     0,     0,     0,     0
2016-11-30 9:22:19, 15.51,     0,     0,     0,     0,     0,-27.181, 0.000,     0,     0,     0,     0
2016-11-30 9:22:20, 15.51,     0,     0,     0,     0,     0,-27.181, 0.000,     0,     0,     0,     0
